user_id,name,email,phone,website
1,Leanne Graham,Sincere@april.biz,1-770-736-8031 x56442,hildegard.org
2,Ervin Howell,Shanna@melissa.tv,010-692-6593 x09125,anastasia.net
3,Clementine Bauch,Nathan@yesenia.net,1-463-123-4447,ramiro.info
4,Patricia Lebsack,Julianne.OConner@kory.org,493-170-9623 x156,scenic-park.org
5,Chelsey Dietrich,Lucio_Hettinger@annie.ca,(254)954-1289,demarco.info
6,Mrs. Dennis Schulist,Kurtis.Weissnat@howard.tv,1-477-935-8478 x6430,ola.org
7,Kurtis Weissnat,Telly.Hoeger@billy.biz,210.067.6132,elvis.io
8,Nicholas Runolfsdottir V,Maxime_Nienow@jacynthe.biz,586.493.6943,destiny.com
9,Glenna Reichert,Rey.Padberg@karina.biz,(775)976-6794 x41206,conrad.com
10,Clementina DuBuque,Karley_Dach@jasper.info,024-648-3804,ambrose.net